{
    "w": 0.05555555555555555,
    "nu": 0.05555555555555555,
    "j": 0.05555555555555555,
    "sasaa": 0.05555555555555555,
    "q": 0.05555555555555555,
    "n": 0.05555555555555555,
    "we": 0.05555555555555555,
    "rt": 0.05555555555555555,
    "e": 0.05555555555555555,
    "u": 0.05555555555555555,
    "k": 0.05555555555555555,
    "m": 0.05555555555555555,
    "o": 0.05555555555555555,
    "p": 0.05555555555555555
}